"Codigo","Fechin","CSUM","MSUM","DSUM"
231,"2024-06-17",93,25,21
464,"2024-05-20",94,25,23
466,"2024-05-20",91,19,21
480,"2024-05-20",83,26,28
500,"2024-05-20",116,32,25
504,"2024-05-20",92,24,22
532,"2024-05-20",73,18,16
957,"2024-06-17",90,29,34
978,"2024-05-20",78,19,20
1039,"2024-06-17",85,28,31
1158,"2024-06-17",53,11,17
1180,"2024-05-20",76,24,16
1385,"2024-06-17",62,17,17
1415,"2024-05-20",66,29,27
1457,"2024-04-29",62,23,15
1458,"2024-05-20",57,20,22
2110,"2024-06-17",71,21,25
2347,"2024-06-17",50,26,19
2511,"2024-06-17",83,22,20
2705,"2024-08-12",102,22,23
2835,"2024-08-12",121,29,36
2836,"2024-08-12",133,31,36
2839,"2024-08-12",134,32,26
2840,"2024-08-12",132,24,19
2841,"2024-08-12",100,27,20
2842,"2024-08-12",117,30,24
2843,"2024-08-12",99,30,23
2844,"2024-08-12",112,29,24
2846,"2024-08-12",131,24,23
2848,"2024-08-12",125,33,25
2849,"2024-08-12",143,35,28
2880,"2024-08-12",127,35,24
2881,"2024-08-12",109,22,25
2882,"2024-08-12",124,20,20
2883,"2024-08-12",107,24,19
2884,"2024-08-12",125,35,23
2885,"2024-08-12",119,33,23
2889,"2024-08-12",105,29,24
2890,"2024-08-12",92,28,22
2891,"2024-08-12",138,34,30
2892,"2024-08-12",132,27,29
2893,"2024-08-12",107,28,29
2894,"2024-08-12",103,27,30
2895,"2024-08-12",146,34,31
2896,"2024-08-12",108,20,28
2897,"2024-08-12",124,32,32
2900,"2024-08-12",114,30,28
2901,"2024-08-12",82,28,29
2902,"2024-08-12",133,34,32
2903,"2024-08-12",135,31,31
2904,"2024-08-12",99,18,27
2905,"2024-08-12",144,33,31
2906,"2024-08-12",119,31,30
2907,"2024-08-12",119,30,31
2908,"2024-08-12",129,31,31
2910,"2024-08-12",121,32,24
2911,"2024-08-12",152,33,28
2912,"2024-08-12",90,31,21
2913,"2024-08-12",128,27,25
2914,"2024-08-12",134,34,23
2915,"2024-08-12",100,29,25
2916,"2024-08-12",149,32,27
2918,"2024-08-12",130,31,28
2919,"2024-08-12",117,29,18
2920,"2024-08-12",143,32,28
2921,"2024-08-12",132,28,27
2922,"2024-08-12",110,21,22
2923,"2024-08-12",133,28,20
2924,"2024-08-12",141,32,20
2925,"2024-08-12",144,31,27
2926,"2024-08-12",108,28,17
2927,"2024-08-12",147,30,24
2928,"2024-08-12",121,31,29
2935,"2024-08-12",128,30,36
2940,"2024-08-12",155,33,30
2943,"2024-08-12",136,28,22
2946,"2024-08-12",137,33,21
2948,"2024-08-12",79,26,17
2950,"2024-08-12",135,29,20
2952,"2024-08-12",118,30,18
2955,"2024-08-12",115,26,15
2957,"2024-08-12",93,23,17
2958,"2024-08-12",128,23,19
2960,"2024-08-12",129,26,29
2961,"2024-08-12",104,30,17
2963,"2024-08-12",58,17,20
2964,"2024-08-12",126,30,28
2965,"2024-08-12",85,28,24
2966,"2024-08-12",110,15,23
2967,"2024-08-12",134,32,19
2969,"2024-08-12",130,32,26
2972,"2024-08-12",143,33,24
2973,"2024-08-12",145,31,30
2974,"2024-08-12",142,33,29
2975,"2024-08-12",99,27,23
2976,"2024-08-12",145,32,31
2977,"2024-08-12",121,31,26
2978,"2024-08-12",125,27,20
2979,"2024-08-12",154,35,30
2980,"2024-08-12",88,32,23
2981,"2024-08-12",115,30,25
2982,"2024-08-12",144,32,21
2983,"2024-08-12",116,32,25
2984,"2024-08-12",112,29,19
2985,"2024-08-12",109,28,20
2986,"2024-08-12",125,30,23
2987,"2024-08-12",93,34,30
2988,"2024-08-12",85,19,18
2989,"2024-08-12",85,20,17
2990,"2024-08-12",155,36,31
2991,"2024-08-12",152,36,31
3185,"2024-08-12",129,28,36
3208,"2024-08-12",93,30,24
3209,"2024-08-12",120,31,25
3241,"2024-08-12",103,30,26
3298,"2024-08-12",145,31,28
3306,"2024-08-12",96,24,24
3308,"2024-08-12",132,29,34
3336,"2024-08-12",156,35,30
3343,"2024-08-12",79,15,22
3388,"2024-08-12",102,32,33
3409,"2024-08-12",109,30,24
3436,"2024-08-12",125,32,29
3454,"2024-08-12",92,30,24
3461,"2024-08-12",73,29,24
3519,"2024-08-12",143,32,30
2620,"2024-08-12",87,24,24
2627,"2024-08-12",134,33,33
2630,"2024-08-12",126,30,33
2633,"2024-08-12",130,32,31
2637,"2024-08-12",113,28,26
2640,"2024-08-12",129,30,34
2645,"2024-08-12",129,28,30
2651,"2024-08-12",112,27,25
2652,"2024-08-12",107,30,26
2655,"2024-08-12",121,27,31
2669,"2024-08-12",120,29,31
2670,"2024-08-12",105,26,29
2673,"2024-08-12",149,35,32
2685,"2024-08-12",101,29,26
2686,"2024-08-12",117,29,31
2687,"2024-08-12",113,23,28
2688,"2024-08-12",108,31,32
2689,"2024-08-12",121,28,29
2690,"2024-08-12",139,25,33
2691,"2024-08-12",121,28,30
2692,"2024-08-12",131,34,35
2693,"2024-08-12",96,22,28
2694,"2024-08-12",112,28,27
2695,"2024-08-12",117,30,30
2696,"2024-08-12",139,23,32
2697,"2024-08-12",88,26,23
2700,"2024-08-12",130,28,35
2702,"2024-08-12",116,26,27
2703,"2024-08-12",105,33,31
2706,"2024-08-12",107,29,32
2708,"2024-08-12",128,32,34
2711,"2024-08-12",123,25,31
2712,"2024-08-12",122,32,33
2714,"2024-08-12",136,29,33
2715,"2024-08-12",103,24,24
2718,"2024-08-12",114,31,25
2720,"2024-08-12",125,33,33
2721,"2024-08-12",83,22,19
2724,"2024-08-12",120,29,25
2725,"2024-08-12",110,31,28
2730,"2024-08-12",121,29,27
2734,"2024-08-12",114,28,29
2735,"2024-08-12",140,31,34
2740,"2024-08-12",101,21,23
2741,"2024-08-12",136,35,33
2742,"2024-08-12",111,30,27
2744,"2024-08-12",142,34,32
2745,"2024-08-12",131,28,33
2747,"2024-08-12",98,24,27
2750,"2024-08-12",132,33,36
2752,"2024-08-12",111,31,28
2755,"2024-08-12",95,23,27
2757,"2024-08-12",86,20,18
2759,"2024-08-12",76,20,18
2764,"2024-08-12",117,30,30
2765,"2024-08-12",120,32,30
2767,"2024-08-12",143,32,29
2774,"2024-08-12",115,27,32
2775,"2024-08-12",78,28,27
2777,"2024-08-12",114,29,28
2778,"2024-08-12",97,25,28
2780,"2024-08-12",120,27,30
2783,"2024-08-12",110,28,31
2785,"2024-08-12",125,25,31
3252,"2024-08-12",107,33,25
3258,"2024-08-12",87,30,22
3284,"2024-08-12",93,28,23
3290,"2024-08-12",73,24,19
1072,"2024-05-20",146,36,34
939,"2024-04-29",143,30,30
940,"2024-04-29",145,31,30
3330,"2024-08-12",98,31,22
3446,"2024-08-12",86,27,19
2115,"2024-05-20",50,22,13
2117,"2024-05-20",59,23,24
534,"2024-04-29",49,14,19
540,"2024-04-29",71,23,23
287,"2024-04-29",66,23,28
288,"2024-04-29",83,25,28
1095,"2024-04-29",57,20,15
217,"2024-06-17",91,27,26
218,"2024-06-17",69,21,17
1094,"2024-04-29",55,18,13
1101,"2024-04-29",55,18,19
1104,"2024-04-29",51,18,16
1098,"2024-04-29",55,18,13
1096,"2024-04-29",71,19,18
1092,"2024-04-29",65,21,15
103,"2024-04-29",48,16,16
3367,"2024-08-12",145,36,31
3369,"2024-08-12",130,33,32
1099,"2024-04-29",52,18,15
108,"2024-04-29",40,14,13
1103,"2024-04-29",48,18,11
104,"2024-04-29",60,13,15
1093,"2024-04-29",56,15,16
106,"2024-04-29",45,13,13
1380,"2024-04-29",98,27,25
1381,"2024-04-29",98,26,25
3171,"2024-08-12",94,28,21
3173,"2024-08-12",111,31,24
1091,"2024-04-29",52,17,13
3423,"2024-08-12",123,32,28
3427,"2024-08-12",87,27,25
1396,"2024-04-29",78,19,21
1447,"2024-04-29",67,17,19
837,"2024-06-17",56,25,26
2242,"2024-06-17",88,24,16
910,"2024-04-29",42,14,15
911,"2024-04-29",39,17,19
800,"2024-04-29",70,21,21
801,"2024-04-29",75,22,21
2198,"2024-06-17",117,35,34
2199,"2024-06-17",87,30,34
3374,"2024-08-12",75,24,21
2282,"2024-06-17",97,22,28
2283,"2024-06-17",116,27,30
17,"2024-06-17",53,21,23
167,"2024-06-17",80,19,20
168,"2024-06-17",79,21,26
1057,"2024-04-29",90,22,23
1058,"2024-04-29",70,21,20
1842,"2024-05-20",117,32,28
1066,"2024-06-17",58,16,22
1841,"2024-05-20",116,31,28
1837,"2024-05-20",104,32,29
2188,"2024-06-17",63,21,23
150,"2024-06-17",83,22,23
153,"2024-06-17",82,21,26
152,"2024-06-17",80,21,21
148,"2024-06-17",61,20,20
151,"2024-06-17",71,17,18
3162,"2024-08-12",119,34,32
149,"2024-06-17",95,29,26
847,"2024-05-20",103,33,31
3458,"2024-08-12",116,34,31
1282,"2024-06-17",67,22,23
3204,"2024-08-12",75,33,23
1436,"2024-04-29",62,21,19
2572,"2024-05-20",124,29,28
3401,"2024-08-12",68,26,17
891,"2024-04-29",78,27,24
2353,"2024-06-17",98,35,31
1435,"2024-04-29",67,24,23
1437,"2024-04-29",71,14,22
1697,"2024-04-29",90,18,19
1438,"2024-04-29",67,25,19
1991,"2024-04-29",83,22,21
1992,"2024-04-29",96,24,24
1993,"2024-04-29",92,22,21
1987,"2024-04-29",71,26,26
1986,"2024-04-29",69,23,23
2121,"2024-05-20",74,24,23
1974,"2024-05-20",133,36,23
2119,"2024-05-20",77,27,26
1972,"2024-05-20",129,36,27
2122,"2024-05-20",59,22,19
2111,"2024-05-20",55,22,23
2113,"2024-05-20",69,23,24
2092,"2024-05-20",92,32,30
2112,"2024-05-20",72,25,23
1929,"2024-04-29",86,22,21
1970,"2024-05-20",78,27,25
1009,"2024-04-29",62,19,17
1003,"2024-04-29",59,19,17
1006,"2024-04-29",51,17,18
999,"2024-04-29",65,19,21
1004,"2024-04-29",68,18,18
1005,"2024-04-29",68,22,19
1010,"2024-04-29",69,22,21
1000,"2024-04-29",54,17,14
1012,"2024-04-29",59,18,18
1928,"2024-04-29",84,18,21
1931,"2024-04-29",97,28,28
1933,"2024-04-29",88,26,16
2079,"2024-04-29",65,21,20
1935,"2024-04-29",92,22,25
2075,"2024-04-29",72,23,22
884,"2024-06-17",106,31,32
1290,"2024-06-17",49,22,19
1088,"2024-06-17",132,36,28
781,"2024-05-20",92,22,24
2142,"2024-04-29",76,27,21
1849,"2024-05-20",134,36,32
1524,"2024-05-20",65,27,20
560,"2024-04-29",67,24,21
578,"2024-04-29",74,21,23
564,"2024-04-29",103,28,28
577,"2024-04-29",72,21,23
575,"2024-04-29",61,21,18
558,"2024-04-29",53,21,16
574,"2024-04-29",76,21,21
565,"2024-04-29",96,24,27
1391,"2024-04-29",96,31,24
3441,"2024-08-12",80,28,17
3165,"2024-08-12",81,30,25
3499,"2024-08-12",105,36,24
3170,"2024-08-12",69,22,22
1975,"2024-05-20",134,35,30
1973,"2024-05-20",122,33,26
1071,"2024-05-20",150,35,34
2009,"2024-05-20",81,27,21
3431,"2024-08-12",113,30,26
3226,"2024-08-12",109,30,19
1176,"2024-05-20",64,22,21
3207,"2024-08-12",100,32,25
3234,"2024-08-12",81,25,22
3472,"2024-08-12",108,25,24
3495,"2024-08-12",76,22,21
3286,"2024-08-12",65,15,17
3395,"2024-08-12",143,24,31
2008,"2024-05-20",78,27,21
2091,"2024-05-20",85,34,29
2107,"2024-05-20",73,30,24
2093,"2024-05-20",105,34,30
2101,"2024-05-20",69,29,18
2089,"2024-05-20",89,31,29
2094,"2024-05-20",79,29,29
2096,"2024-05-20",93,34,31
2106,"2024-05-20",58,22,18
1990,"2024-05-20",79,25,21
349,"2024-06-17",68,15,20
1167,"2024-06-17",69,20,23
285,"2024-04-29",62,23,23
541,"2024-04-29",69,22,20
553,"2024-04-29",129,36,34
546,"2024-04-29",97,30,31
543,"2024-04-29",70,22,21
548,"2024-04-29",106,32,31
538,"2024-04-29",57,19,19
547,"2024-04-29",44,10,16
709,"2024-05-20",111,30,32
1404,"2024-05-20",58,25,27
53,"2024-04-29",61,23,26
1971,"2024-05-20",82,27,25
2081,"2024-05-20",100,27,29
1440,"2024-04-29",63,23,19
990,"2024-06-17",78,27,29
2617,"2024-06-17",106,34,31
2360,"2024-06-17",125,32,34
1805,"2024-04-29",103,25,25
1354,"2024-04-29",73,21,19
2398,"2024-06-17",124,34,33
1394,"2024-04-29",92,29,24
3081,"2024-08-12",122,33,30
1002,"2024-04-29",56,17,18
81,"2024-04-29",112,36,25
1209,"2024-04-29",99,25,25
1113,"2024-04-29",46,15,18
356,"2024-04-29",79,20,21
2805,"2024-08-12",126,32,29
2594,"2024-06-17",41,23,12
1389,"2024-04-29",110,27,28
2356,"2024-06-17",71,26,23
771,"2024-05-20",93,19,22
264,"2024-06-17",101,26,29
826,"2024-04-29",80,26,21
954,"2024-06-17",86,27,30
784,"2024-05-20",82,23,24
1117,"2024-04-29",65,17,21
1135,"2024-04-29",151,33,35
2010,"2024-05-20",74,25,20
2337,"2024-06-17",101,34,27
289,"2024-04-29",72,24,27
32,"2024-04-29",116,27,28
704,"2024-05-20",141,33,32
1867,"2024-06-17",106,34,29
1309,"2024-05-20",124,29,33
214,"2024-06-17",88,26,23
1313,"2024-05-20",61,20,29
772,"2024-05-20",95,23,24
1185,"2024-05-20",92,29,25
1531,"2024-05-20",121,35,23
927,"2024-04-29",92,19,24
1138,"2024-04-29",124,33,29
2512,"2024-06-17",144,33,24
1018,"2024-04-29",55,18,20
960,"2024-06-17",102,31,28
226,"2024-06-17",74,23,22
2563,"2024-06-17",63,20,19
571,"2024-04-29",92,27,23
3406,"2024-08-12",78,29,17
2514,"2024-06-17",108,30,24
228,"2024-06-17",79,21,20
413,"2024-05-20",108,28,21
3468,"2024-08-12",95,24,26
836,"2024-04-29",83,31,23
1139,"2024-04-29",51,28,21
936,"2024-04-29",83,22,24
567,"2024-04-29",87,25,27
989,"2024-06-17",96,30,29
2554,"2024-06-17",117,30,28
2562,"2024-06-17",136,34,33
92,"2024-04-29",147,36,30
1850,"2024-05-20",143,36,28
1382,"2024-04-29",84,23,21
3274,"2024-08-12",108,32,23
2253,"2024-06-17",109,31,35
281,"2024-06-17",78,25,24
2414,"2024-06-17",122,35,33
257,"2024-06-17",119,26,30
2372,"2024-06-17",126,34,35
363,"2024-04-29",78,18,19
3150,"2024-08-12",86,35,31
983,"2024-06-17",69,25,23
2268,"2024-06-17",99,31,29
982,"2024-06-17",72,26,24
2339,"2024-06-17",150,36,30
2526,"2024-06-17",71,27,23
721,"2024-05-20",115,33,28
2605,"2024-06-17",105,21,31
3428,"2024-08-12",93,24,21
1351,"2024-04-29",72,17,19
3359,"2024-08-12",123,27,25
2267,"2024-06-17",110,31,30
2254,"2024-06-17",122,36,36
1015,"2024-04-29",101,26,30
705,"2024-05-20",128,32,32
1306,"2024-05-20",108,29,33
1350,"2024-04-29",97,26,27
820,"2024-04-29",114,32,24
2596,"2024-06-17",63,29,18
14,"2024-06-17",113,24,27
1030,"2024-04-29",92,24,23
921,"2024-04-29",114,25,25
3259,"2024-08-12",136,35,28
1184,"2024-05-20",69,22,20
2399,"2024-06-17",110,32,32
1310,"2024-05-20",79,29,32
1960,"2024-05-20",112,33,29
1806,"2024-04-29",118,28,25
1856,"2024-05-20",115,31,26
3163,"2024-08-12",112,34,32
3013,"2024-08-12",140,36,32
626,"2024-06-17",72,20,23
2518,"2024-06-17",109,30,21
1476,"2024-05-20",81,28,26
3184,"2024-08-12",86,30,26
1371,"2024-06-17",123,33,31
3437,"2024-08-12",109,32,25
1179,"2024-05-20",87,18,23
1038,"2024-06-17",79,22,28
2377,"2024-06-17",121,32,34
3133,"2024-08-12",112,35,30
3167,"2024-08-12",78,32,21
831,"2024-04-29",94,26,21
391,"2024-06-17",96,22,23
1359,"2024-06-17",112,32,30
2391,"2024-06-17",133,33,32
1220,"2024-04-29",72,30,21
1365,"2024-06-17",94,29,29
2259,"2024-06-17",81,24,24
576,"2024-04-29",76,21,23
2358,"2024-06-17",118,32,35
997,"2024-04-29",63,22,17
1789,"2024-05-20",111,27,27
1021,"2024-04-29",79,25,23
1086,"2024-06-17",98,35,21
1480,"2024-05-20",87,28,26
1750,"2024-06-17",131,36,31
2602,"2024-06-17",98,31,24
1854,"2024-05-20",122,30,29
2413,"2024-06-17",102,31,28
834,"2024-04-29",105,32,26
1013,"2024-04-29",95,30,28
1866,"2024-06-17",133,36,31
1782,"2024-05-20",93,32,26
1300,"2024-05-20",148,35,33
3285,"2024-08-12",108,30,22
2371,"2024-06-17",110,32,35
814,"2024-04-29",107,32,25
1033,"2024-04-29",84,25,23
222,"2024-06-17",98,28,30
573,"2024-04-29",108,28,25
1875,"2024-06-17",153,36,31
1043,"2024-06-17",100,28,30
2609,"2024-06-17",40,26,11
3254,"2024-08-12",91,27,22
2266,"2024-06-17",127,36,35
3311,"2024-08-12",99,22,23
2249,"2024-06-17",104,31,32
1848,"2024-05-20",147,36,30
3342,"2024-08-12",155,36,35
1885,"2024-06-17",116,34,27
2397,"2024-06-17",146,35,30
2116,"2024-05-20",58,23,24
529,"2024-05-20",139,36,29
1483,"2024-05-20",86,28,26
3110,"2024-08-12",91,31,21
229,"2024-06-17",100,30,31
266,"2024-06-17",65,20,22
91,"2024-04-29",86,29,22
223,"2024-06-17",106,28,31
66,"2024-04-29",103,26,25
1751,"2024-06-17",106,35,29
3101,"2024-08-12",114,30,29
263,"2024-06-17",70,20,27
236,"2024-06-17",68,20,24
3449,"2024-08-12",99,27,16
267,"2024-06-17",108,28,31
396,"2024-06-17",67,24,22
2381,"2024-06-17",118,31,35
3280,"2024-08-12",102,32,22
774,"2024-05-20",85,28,26
3138,"2024-08-12",82,35,25
1022,"2024-04-29",83,25,23
1781,"2024-05-20",82,29,22
3339,"2024-08-12",156,36,33
3224,"2024-08-12",85,26,22
3192,"2024-08-12",112,31,26
2595,"2024-06-17",104,30,29
2146,"2024-04-29",83,26,23
269,"2024-06-17",105,29,30
2343,"2024-06-17",71,33,29
3361,"2024-08-12",116,31,27
1246,"2024-05-20",111,29,31
3288,"2024-08-12",140,33,27
357,"2024-04-29",80,23,19
3301,"2024-08-12",67,16,23
827,"2024-04-29",93,30,24
1249,"2024-05-20",125,34,34
1450,"2024-04-29",69,23,18
297,"2024-04-29",65,24,24
3015,"2024-08-12",99,31,25
268,"2024-06-17",110,28,31
94,"2024-04-29",142,33,26
1248,"2024-05-20",128,34,27
1879,"2024-06-17",110,34,27
1314,"2024-05-20",142,35,34
2393,"2024-06-17",128,31,32
569,"2024-04-29",68,22,20
3338,"2024-08-12",156,36,29
3373,"2024-08-12",88,29,21
3239,"2024-08-12",155,36,34
2395,"2024-06-17",118,35,30
503,"2024-05-20",96,19,24
643,"2024-06-17",67,24,25
934,"2024-04-29",76,23,23
2402,"2024-06-17",121,33,32
1247,"2024-05-20",75,22,19
273,"2024-06-17",111,24,24
2600,"2024-06-17",72,28,13
2403,"2024-06-17",125,34,33
1851,"2024-05-20",139,36,31
923,"2024-04-29",60,19,17
1434,"2024-04-29",74,24,20
1115,"2024-04-29",54,16,20
1443,"2024-04-29",65,18,20
2396,"2024-06-17",141,34,32
611,"2024-04-29",79,28,23
1387,"2024-04-29",77,20,19
84,"2024-04-29",118,32,24
395,"2024-06-17",92,23,26
1311,"2024-05-20",79,25,32
1299,"2024-05-20",84,30,28
274,"2024-06-17",67,20,23
1035,"2024-04-29",91,24,23
840,"2024-04-29",84,26,24
1368,"2024-06-17",88,29,23
3231,"2024-08-12",105,30,25
959,"2024-06-17",98,30,35
1016,"2024-04-29",77,24,28
225,"2024-06-17",73,24,22
3371,"2024-08-12",144,36,31
2366,"2024-06-17",98,32,34
3161,"2024-08-12",116,32,28
980,"2024-06-17",98,27,29
3249,"2024-08-12",135,29,27
2394,"2024-06-17",154,36,33
1876,"2024-06-17",117,34,27
3310,"2024-08-12",94,23,24
3130,"2024-08-12",118,35,32
835,"2024-04-29",118,34,28
641,"2024-06-17",69,19,20
713,"2024-05-20",131,32,32
1441,"2024-04-29",66,26,22
1485,"2024-05-20",77,26,25
2007,"2024-05-20",74,23,20
1888,"2024-06-17",109,34,27
3202,"2024-08-12",130,25,31
3106,"2024-08-12",79,26,20
3380,"2024-08-12",140,35,32
2352,"2024-06-17",100,34,29
1007,"2024-04-29",64,17,16
637,"2024-06-17",65,18,19
783,"2024-05-20",71,19,22
949,"2024-06-17",103,30,35
950,"2024-06-17",99,28,30
958,"2024-06-17",88,31,29
730,"2024-06-17",76,26,21
2368,"2024-06-17",112,32,35
3327,"2024-08-12",88,24,24
1527,"2024-05-20",121,35,29
383,"2024-06-17",153,26,28
3164,"2024-08-12",113,36,32
2255,"2024-06-17",99,31,31
28,"2024-06-17",99,23,25
1858,"2024-05-20",118,31,28
1388,"2024-04-29",86,23,20
2887,"2024-08-12",90,30,24
358,"2024-04-29",79,20,19
1361,"2024-06-17",122,29,33
770,"2024-05-20",98,24,23
1034,"2024-04-29",83,24,23
1221,"2024-04-29",92,27,24
1230,"2024-04-29",95,25,25
3272,"2024-08-12",121,31,26
1961,"2024-05-20",153,36,32
3238,"2024-08-12",89,24,27
1878,"2024-06-17",114,34,28
93,"2024-04-29",113,32,26
2341,"2024-06-17",135,35,31
12,"2024-06-17",108,27,27
3235,"2024-08-12",108,32,23
1446,"2024-04-29",70,22,22
3353,"2024-08-12",138,29,31
1308,"2024-05-20",89,26,30
3421,"2024-08-12",94,28,21
15,"2024-06-17",111,26,27
421,"2024-06-17",89,31,25
930,"2024-04-29",98,22,22
1517,"2024-05-20",118,34,29
262,"2024-06-17",121,30,31
2374,"2024-06-17",131,33,35
6,"2024-06-17",114,27,27
1373,"2024-06-17",97,28,32
1014,"2024-04-29",63,17,20
1353,"2024-04-29",99,24,24
507,"2024-05-20",115,29,26
828,"2024-04-29",105,31,24
235,"2024-06-17",79,22,24
3145,"2024-08-12",80,28,21
839,"2024-04-29",78,25,23
922,"2024-04-29",55,21,17
1011,"2024-04-29",57,18,18
372,"2024-06-17",156,25,34
1085,"2024-06-17",124,35,26
2590,"2024-06-17",58,29,16
279,"2024-06-17",45,22,21
1008,"2024-04-29",80,22,22
426,"2024-06-17",95,34,20
2355,"2024-06-17",104,30,30
260,"2024-06-17",95,26,31
2139,"2024-04-29",75,20,18
286,"2024-04-29",63,25,25
1514,"2024-05-20",120,34,29
3225,"2024-08-12",108,30,23
723,"2024-05-20",102,32,26
1883,"2024-06-17",112,34,28
3104,"2024-08-12",59,20,19
2345,"2024-06-17",102,35,31
717,"2024-05-20",99,35,28
2361,"2024-06-17",143,32,35
378,"2024-06-17",147,26,28
2525,"2024-06-17",67,27,21
3131,"2024-08-12",82,30,25
1305,"2024-05-20",65,20,31
261,"2024-06-17",102,30,31
710,"2024-05-20",129,33,34
1377,"2024-06-17",112,26,30
816,"2024-04-29",106,31,24
1372,"2024-06-17",87,27,28
3368,"2024-08-12",80,27,25
612,"2024-04-29",78,25,21
1752,"2024-06-17",136,36,31
2118,"2024-05-20",77,26,23
1451,"2024-04-29",52,23,21
981,"2024-06-17",98,27,29
3264,"2024-08-12",65,21,21
1229,"2024-04-29",72,27,25
11,"2024-06-17",100,24,26
1523,"2024-05-20",57,25,20
3370,"2024-08-12",141,36,31
714,"2024-05-20",121,31,33
715,"2024-05-20",126,34,35
869,"2024-06-17",85,30,30
566,"2024-04-29",88,26,24
1913,"2024-05-20",111,30,25
373,"2024-06-17",153,25,34
638,"2024-06-17",81,22,22
2338,"2024-06-17",67,34,28
408,"2024-06-17",88,31,21
1886,"2024-06-17",101,33,27
294,"2024-04-29",69,24,27
1959,"2024-05-20",154,35,28
3109,"2024-08-12",72,18,19
708,"2024-05-20",122,32,34
1962,"2024-05-20",130,34,32
2344,"2024-06-17",107,35,31
812,"2024-04-29",97,31,26
1456,"2024-04-29",65,23,17
2597,"2024-06-17",34,26,8
1304,"2024-05-20",85,25,32
296,"2024-04-29",81,24,28
829,"2024-04-29",62,30,24
387,"2024-06-17",107,25,26
362,"2024-04-29",78,18,19
1862,"2024-05-20",112,29,31
1519,"2024-05-20",67,29,21
1376,"2024-06-17",85,23,30
2409,"2024-06-17",111,29,29
991,"2024-06-17",71,26,24
3375,"2024-08-12",104,26,27
79,"2024-04-29",112,33,29
1809,"2024-04-29",106,23,25
272,"2024-06-17",44,17,16
3498,"2024-08-12",97,26,23
1857,"2024-05-20",116,33,29
3358,"2024-08-12",59,18,20
1882,"2024-06-17",114,34,27
2362,"2024-06-17",106,32,34
3190,"2024-08-12",124,31,31
3112,"2024-08-12",140,35,34
1510,"2024-05-20",105,30,27
811,"2024-04-29",82,28,23
3220,"2024-08-12",92,25,23
1455,"2024-04-29",69,25,19
382,"2024-06-17",153,25,28
1530,"2024-05-20",73,30,27
1366,"2024-06-17",82,26,21
3341,"2024-08-12",137,35,26
830,"2024-04-29",111,21,23
3222,"2024-08-12",112,30,30
1250,"2024-05-20",110,31,28
1853,"2024-05-20",156,36,33
1223,"2024-04-29",71,26,22
2516,"2024-06-17",81,34,24
2607,"2024-06-17",38,24,9
1121,"2024-04-29",41,11,14
1395,"2024-04-29",85,27,24
3350,"2024-08-12",104,28,25
424,"2024-06-17",94,33,27
926,"2024-04-29",96,25,29
1453,"2024-04-29",60,24,19
2799,"2024-08-12",103,29,27
1042,"2024-06-17",83,26,22
3478,"2024-08-12",106,30,23
1226,"2024-04-29",62,26,21
988,"2024-06-17",94,27,30
3169,"2024-08-12",105,29,22
2248,"2024-06-17",59,21,17
1528,"2024-05-20",47,32,20
2612,"2024-06-17",68,22,17
3183,"2024-08-12",148,35,31
3335,"2024-08-12",129,33,27
402,"2024-06-17",56,23,21
374,"2024-06-17",153,26,30
2515,"2024-06-17",115,36,24
2251,"2024-06-17",97,31,31
3180,"2024-08-12",156,36,30
2258,"2024-06-17",106,31,30
1374,"2024-06-17",123,33,32
1748,"2024-06-17",134,35,30
1219,"2024-04-29",104,29,26
1868,"2024-06-17",136,36,30
3325,"2024-08-12",127,36,27
1252,"2024-05-20",96,30,21
237,"2024-06-17",58,15,18
2558,"2024-06-17",86,30,22
3415,"2024-08-12",118,31,26
1029,"2024-04-29",89,25,23
3293,"2024-08-12",101,27,23
1025,"2024-04-29",83,25,25
1877,"2024-06-17",97,34,26
557,"2024-04-29",72,17,17
1189,"2024-04-29",89,30,17
1114,"2024-04-29",44,14,12
1808,"2024-04-29",98,25,25
1112,"2024-04-29",46,10,18
68,"2024-04-29",80,29,22
813,"2024-04-29",80,28,26
3159,"2024-08-12",89,30,30
559,"2024-04-29",77,25,29
89,"2024-04-29",130,32,26
868,"2024-06-17",81,32,32
3362,"2024-08-12",101,29,26
1028,"2024-04-29",90,25,20
425,"2024-06-17",86,31,22
1036,"2024-04-29",94,24,23
1319,"2024-05-20",64,20,24
2598,"2024-06-17",76,29,28
2803,"2024-08-12",131,32,30
2610,"2024-06-17",52,29,14
1118,"2024-04-29",48,17,16
998,"2024-04-29",75,20,21
2807,"2024-08-12",101,31,24
301,"2024-04-29",65,21,27
1087,"2024-06-17",131,36,28
1358,"2024-04-29",74,19,21
726,"2024-05-20",114,32,27
80,"2024-04-29",76,22,18
699,"2024-05-20",93,30,24
561,"2024-04-29",90,25,22
31,"2024-06-17",105,27,27
392,"2024-06-17",96,27,23
25,"2024-06-17",110,28,27
1442,"2024-04-29",61,18,21
1369,"2024-06-17",102,33,28
703,"2024-05-20",142,34,36
3229,"2024-08-12",63,13,19
3417,"2024-08-12",107,28,27
1791,"2024-05-20",137,36,29
568,"2024-04-29",85,25,21
903,"2024-04-29",108,26,23
1370,"2024-06-17",109,32,30
3223,"2024-08-12",108,30,23
610,"2024-04-29",77,27,22
1884,"2024-06-17",119,34,28
833,"2024-04-29",55,23,18
639,"2024-06-17",73,20,21
3012,"2024-08-12",120,33,28
2260,"2024-06-17",113,29,28
917,"2024-04-29",76,22,23
386,"2024-06-17",73,22,26
3147,"2024-08-12",102,34,30
3148,"2024-08-12",102,34,30
3351,"2024-08-12",99,24,18
293,"2024-04-29",72,24,27
1020,"2024-04-29",77,24,23
1515,"2024-05-20",83,31,23
377,"2024-06-17",145,26,34
2357,"2024-06-17",68,27,21
3453,"2024-08-12",90,27,18
220,"2024-06-17",73,24,15
3182,"2024-08-12",85,30,27
925,"2024-04-29",107,27,29
952,"2024-06-17",97,29,32
562,"2024-04-29",62,25,19
1236,"2024-05-20",45,18,15
1227,"2024-04-29",73,27,19
1525,"2024-05-20",126,34,29
2593,"2024-06-17",57,27,16
3303,"2024-08-12",99,29,23
712,"2024-05-20",135,33,32
3176,"2024-08-12",114,35,33
823,"2024-04-29",65,29,20
3194,"2024-08-12",85,26,25
2408,"2024-06-17",112,29,31
1316,"2024-05-20",101,29,28
841,"2024-04-29",97,26,24
1315,"2024-05-20",101,27,31
1449,"2024-04-29",61,23,18
2349,"2024-06-17",101,35,31
1465,"2024-05-20",85,26,26
3414,"2024-08-12",95,28,29
933,"2024-04-29",85,23,24
3105,"2024-08-12",94,26,21
371,"2024-06-17",156,26,31
401,"2024-06-17",57,24,19
722,"2024-05-20",129,35,29
1178,"2024-05-20",84,26,19
1301,"2024-05-20",63,19,24
2574,"2024-05-20",117,29,25
918,"2024-04-29",65,13,16
920,"2024-04-29",66,18,23
2800,"2024-08-12",126,32,30
2517,"2024-06-17",104,32,23
3152,"2024-08-12",88,35,31
3282,"2024-08-12",71,16,30
1089,"2024-06-17",114,36,26
2380,"2024-06-17",123,32,34
381,"2024-06-17",154,26,28
384,"2024-06-17",153,20,30
1352,"2024-04-29",100,28,25
1807,"2024-04-29",44,15,24
2407,"2024-06-17",98,29,30
1518,"2024-05-20",36,20,18
1298,"2024-05-20",70,24,29
3245,"2024-08-12",109,29,30
530,"2024-05-20",101,25,24
232,"2024-06-17",85,26,28
2346,"2024-06-17",113,36,30
818,"2024-04-29",73,29,20
3199,"2024-08-12",105,30,26
3227,"2024-08-12",109,26,24
87,"2024-04-29",60,17,17
2611,"2024-06-17",43,24,16
1880,"2024-06-17",101,34,28
360,"2024-04-29",77,18,19
1181,"2024-05-20",76,25,20
8,"2024-06-17",104,25,27
1318,"2024-05-20",67,22,28
2273,"2024-06-17",80,24,18
3297,"2024-08-12",81,21,22
822,"2024-04-29",116,32,26
1861,"2024-05-20",113,28,30
1512,"2024-05-20",64,29,19
90,"2024-04-29",144,36,32
1860,"2024-05-20",104,29,25
1312,"2024-05-20",87,25,32
2561,"2024-06-17",95,27,25
1792,"2024-05-20",63,22,20
1532,"2024-05-20",46,32,24
400,"2024-06-17",105,26,23
1024,"2024-04-29",84,25,24
1137,"2024-04-29",124,32,26
613,"2024-04-29",70,25,20
932,"2024-04-29",94,21,26
572,"2024-04-29",83,23,27
1120,"2024-04-29",48,13,14
78,"2024-04-29",132,35,23
1749,"2024-06-17",69,31,19
1140,"2024-04-29",51,28,21
3389,"2024-08-12",73,26,15
821,"2024-04-29",124,30,27
1019,"2024-04-29",90,28,27
239,"2024-06-17",89,24,30
3187,"2024-08-12",88,23,24
2556,"2024-06-17",73,24,18
2599,"2024-06-17",73,28,22
1032,"2024-04-29",81,24,23
265,"2024-06-17",81,22,27
1367,"2024-06-17",98,27,29
570,"2024-04-29",89,23,33
1182,"2024-05-20",73,21,18
2591,"2024-06-17",45,24,10
67,"2024-04-29",139,36,31
2143,"2024-04-29",65,25,16
351,"2024-04-29",94,23,21
2555,"2024-06-17",55,17,17
838,"2024-04-29",92,29,20
1914,"2024-05-20",106,31,24
299,"2024-04-29",67,19,27
779,"2024-05-20",89,23,24
406,"2024-06-17",95,27,24
3497,"2024-08-12",136,33,33
2351,"2024-06-17",93,34,31
786,"2024-05-20",94,25,24
2559,"2024-06-17",117,31,24
30,"2024-06-17",111,25,27
1461,"2024-05-20",72,20,23
1863,"2024-06-17",117,33,27
3383,"2024-08-12",75,24,18
409,"2024-06-17",82,31,24
3111,"2024-08-12",78,25,20
776,"2024-05-20",68,17,21
2379,"2024-06-17",125,27,35
2369,"2024-06-17",125,32,35
1513,"2024-05-20",35,21,16
1467,"2024-05-20",75,25,24
3322,"2024-08-12",86,26,23
389,"2024-06-17",71,21,23
953,"2024-06-17",78,28,30
961,"2024-06-17",82,24,31
1001,"2024-04-29",55,17,18
465,"2024-05-20",131,28,24
29,"2024-06-17",109,27,27
1852,"2024-05-20",131,33,35
1109,"2024-04-29",49,14,17
2557,"2024-06-17",114,32,29
3482,"2024-08-12",125,36,31
1390,"2024-04-29",82,21,21
817,"2024-04-29",109,31,27
3078,"2024-08-12",115,34,27
2140,"2024-04-29",77,25,23
353,"2024-04-29",77,21,19
1478,"2024-05-20",82,26,26
10,"2024-04-29",83,22,24
1780,"2024-05-20",100,34,29
2806,"2024-08-12",90,29,26
1976,"2024-05-20",137,36,30
1364,"2024-06-17",84,22,20
3,"2024-06-17",108,26,27
1464,"2024-05-20",79,26,26
1238,"2024-05-20",77,21,14
3160,"2024-08-12",112,34,31
2365,"2024-06-17",95,34,34
3166,"2024-08-12",73,23,16
33,"2024-04-29",104,24,24
556,"2024-04-29",73,24,23
2804,"2024-08-12",126,32,28
2138,"2024-04-29",101,28,26
2137,"2024-04-29",75,25,18
355,"2024-04-29",81,19,19
1386,"2024-04-29",72,20,20
375,"2024-06-17",153,26,34
706,"2024-05-20",123,31,31
427,"2024-06-17",97,33,22
3337,"2024-08-12",103,28,28
3172,"2024-08-12",110,26,30
3364,"2024-08-12",136,33,31
1037,"2024-06-17",68,25,24
3266,"2024-08-12",92,26,20
3108,"2024-08-12",99,28,22
782,"2024-05-20",86,22,23
1460,"2024-05-20",35,16,21
2601,"2024-06-17",36,25,11
642,"2024-06-17",63,14,20
1136,"2024-04-29",111,32,26
985,"2024-06-17",73,24,24
227,"2024-06-17",84,24,23
1383,"2024-04-29",65,16,20
711,"2024-05-20",105,31,31
88,"2024-04-29",102,31,24
1228,"2024-04-29",73,28,25
777,"2024-05-20",87,23,24
931,"2024-04-29",87,22,25
824,"2024-04-29",108,31,24
2257,"2024-06-17",80,21,23
27,"2024-06-17",111,24,27
2263,"2024-06-17",78,31,21
82,"2024-04-29",103,35,22
825,"2024-04-29",73,29,21
1445,"2024-04-29",77,24,22
1855,"2024-05-20",116,30,29
354,"2024-04-29",80,21,19
1017,"2024-04-29",85,27,24
3246,"2024-08-12",84,15,23
2114,"2024-05-20",61,23,24
467,"2024-05-20",105,28,26
919,"2024-04-29",79,23,24
1375,"2024-06-17",100,30,32
69,"2024-04-29",106,31,22
2354,"2024-06-17",63,28,22
1452,"2024-04-29",54,23,22
240,"2024-06-17",92,26,30
3400,"2024-08-12",75,21,14
780,"2024-05-20",96,19,24
1240,"2024-05-20",70,22,14
2256,"2024-06-17",80,24,23
2376,"2024-06-17",121,32,34
3480,"2024-08-12",156,36,23
947,"2024-04-29",110,27,28
962,"2024-06-17",81,31,23
2367,"2024-06-17",117,32,35
1110,"2024-04-29",57,15,20
1083,"2024-06-17",97,35,21
579,"2024-04-29",73,21,19
2373,"2024-06-17",119,32,35
423,"2024-06-17",93,33,27
230,"2024-06-17",76,20,22
300,"2024-04-29",48,20,20
3261,"2024-08-12",130,30,26
1116,"2024-04-29",55,12,18
2265,"2024-06-17",108,31,31
955,"2024-06-17",100,28,35
3334,"2024-08-12",130,33,27
2410,"2024-06-17",74,26,24
1448,"2024-04-29",72,23,18
85,"2024-04-29",49,14,14
1233,"2024-05-20",64,23,19
2513,"2024-06-17",91,29,23
1444,"2024-04-29",76,22,21
1355,"2024-04-29",76,19,21
563,"2024-04-29",66,21,17
83,"2024-04-29",46,17,14
295,"2024-04-29",60,22,26
2618,"2024-06-17",92,27,33
2521,"2024-06-17",91,31,25
2359,"2024-06-17",96,31,25
1439,"2024-04-29",67,25,19
224,"2024-06-17",46,22,19
2406,"2024-06-17",124,34,33
352,"2024-04-29",75,15,19
77,"2024-04-29",144,36,30
3124,"2024-08-12",101,30,27
3329,"2024-08-12",151,35,31
2250,"2024-06-17",83,24,30
3236,"2024-08-12",105,32,25
3232,"2024-08-12",80,18,21
3394,"2024-08-12",51,22,8
2141,"2024-04-29",88,27,23
719,"2024-05-20",104,33,27
702,"2024-05-20",142,35,35
3263,"2024-08-12",146,33,25
1362,"2024-06-17",69,21,22
3452,"2024-08-12",118,32,23
2006,"2024-05-20",84,27,20
2363,"2024-06-17",134,32,35
1516,"2024-05-20",43,24,20
2603,"2024-06-17",101,31,21
3216,"2024-08-12",127,31,28
2519,"2024-06-17",82,28,21
1108,"2024-04-29",45,13,12
2520,"2024-06-17",70,23,26
1881,"2024-06-17",100,34,28
394,"2024-06-17",60,22,20
700,"2024-05-20",136,33,35
2271,"2024-06-17",75,23,24
3344,"2024-08-12",115,30,21
86,"2024-04-29",101,31,26
259,"2024-06-17",96,25,29
3128,"2024-08-12",111,35,32
2523,"2024-06-17",84,34,28
2264,"2024-06-17",63,21,22
2144,"2024-04-29",60,20,17
3174,"2024-08-12",55,18,22
1522,"2024-05-20",117,30,29
2802,"2024-08-12",115,29,29
996,"2024-04-29",57,16,16
640,"2024-06-17",71,21,22
623,"2024-06-17",65,23,21
929,"2024-04-29",82,20,22
1533,"2024-05-20",55,24,23
707,"2024-05-20",126,32,34
5,"2024-06-17",109,26,27
3275,"2024-08-12",82,23,20
2592,"2024-06-17",87,28,25
2348,"2024-06-17",94,34,30
76,"2024-04-29",97,24,24
1356,"2024-04-29",110,27,25
3294,"2024-08-12",90,26,19
1357,"2024-04-29",93,24,23
221,"2024-06-17",81,26,27
505,"2024-05-20",110,34,26
2522,"2024-06-17",53,26,15
2378,"2024-06-17",129,32,35
1349,"2024-04-29",113,27,25
1864,"2024-06-17",105,34,27
1526,"2024-05-20",101,29,23
361,"2024-04-29",79,20,19
4,"2024-06-17",115,27,26
785,"2024-05-20",84,22,24
1511,"2024-05-20",86,34,27
3309,"2024-08-12",79,27,22
3265,"2024-08-12",95,27,27
3113,"2024-08-12",136,28,28
13,"2024-06-17",97,25,26
2619,"2024-06-17",97,31,31
397,"2024-06-17",71,25,20
1303,"2024-05-20",79,22,31
3300,"2024-08-12",101,32,24
787,"2024-05-20",95,24,24
3291,"2024-08-12",94,28,23
2269,"2024-06-17",101,31,28
3270,"2024-08-12",131,29,27
775,"2024-05-20",103,25,26
2272,"2024-06-17",105,31,29
1482,"2024-05-20",74,26,24
3142,"2024-08-12",81,32,24
3250,"2024-08-12",80,24,23
469,"2024-05-20",92,22,22
1397,"2024-04-29",82,23,21
2340,"2024-06-17",67,31,23
7,"2024-06-17",102,24,26
887,"2024-06-17",101,29,31
482,"2024-05-20",141,35,29
1307,"2024-05-20",58,19,26
2262,"2024-06-17",60,21,24
885,"2024-06-17",88,32,35
1363,"2024-06-17",81,28,22
2412,"2024-06-17",108,25,27
1111,"2024-04-29",53,13,21
2370,"2024-06-17",115,32,35
2382,"2024-06-17",121,32,34
3154,"2024-08-12",100,35,31
2608,"2024-06-17",51,25,14
1520,"2024-05-20",86,29,24
1044,"2024-06-17",63,24,27
3114,"2024-08-12",140,32,31
1521,"2024-05-20",41,21,17
2364,"2024-06-17",121,34,35
2564,"2024-06-17",82,20,18
624,"2024-06-17",70,20,22
385,"2024-06-17",153,20,30
769,"2024-05-20",92,29,23
3384,"2024-08-12",65,19,15
3345,"2024-08-12",117,27,24
1027,"2024-04-29",84,25,30
1788,"2024-05-20",59,28,24
3107,"2024-08-12",95,28,21
26,"2024-06-17",101,25,27
271,"2024-06-17",85,21,27
2375,"2024-06-17",123,32,34
2270,"2024-06-17",128,36,35
609,"2024-04-29",65,24,17
3136,"2024-08-12",93,28,22
3418,"2024-08-12",109,29,20
1245,"2024-05-20",106,26,26
2506,"2024-06-17",99,26,27
3256,"2024-08-12",144,32,30
832,"2024-04-29",70,33,22
399,"2024-06-17",87,24,22
1475,"2024-05-20",70,23,24
1222,"2024-04-29",73,29,23
2524,"2024-06-17",81,33,25
2411,"2024-06-17",83,27,26
3365,"2024-08-12",153,36,28
1320,"2024-05-20",62,23,27
2573,"2024-05-20",114,29,30
398,"2024-06-17",72,21,18
1454,"2024-04-29",62,25,19
284,"2024-04-29",79,24,28
280,"2024-06-17",90,23,24
2401,"2024-06-17",83,29,27
1031,"2024-04-29",87,24,23
3157,"2024-08-12",102,32,31
1119,"2024-04-29",51,13,16
948,"2024-06-17",98,29,32
3477,"2024-08-12",82,21,17
258,"2024-06-17",57,19,21
928,"2024-04-29",54,19,18
359,"2024-04-29",78,17,19
2404,"2024-06-17",81,26,24
1360,"2024-06-17",67,19,21
1041,"2024-06-17",92,31,27
3271,"2024-08-12",100,21,22
3158,"2024-08-12",135,34,31
819,"2024-04-29",98,32,24
1023,"2024-04-29",69,24,23
3305,"2024-08-12",77,23,24
216,"2024-06-17",79,23,25
1107,"2024-04-29",42,13,12
3340,"2024-08-12",86,24,22
298,"2024-04-29",83,25,29
2252,"2024-06-17",83,24,27
2350,"2024-06-17",59,25,18
815,"2024-04-29",63,20,20
393,"2024-06-17",61,24,23
290,"2024-04-29",56,23,27
291,"2024-04-29",48,20,22
2392,"2024-06-17",110,32,27
3188,"2024-08-12",156,36,30
3378,"2024-08-12",54,18,12
2261,"2024-06-17",74,25,23
292,"2024-04-29",66,22,25
915,"2024-04-29",68,22,19
916,"2024-04-29",74,19,18
622,"2024-06-17",73,18,20
773,"2024-05-20",92,25,25
1302,"2024-05-20",70,21,30
724,"2024-05-20",110,33,28
1183,"2024-05-20",73,20,17
935,"2024-04-29",79,20,23
3177,"2024-08-12",121,34,27
924,"2024-04-29",84,19,22
618,"2024-06-17",69,22,20
463,"2024-05-20",96,24,22
1235,"2024-05-20",67,19,18
2560,"2024-06-17",112,27,23
1865,"2024-06-17",77,31,24
380,"2024-06-17",154,26,28
270,"2024-06-17",70,20,23
1225,"2024-04-29",68,29,21
3473,"2024-08-12",140,36,25
1468,"2024-05-20",76,22,24
621,"2024-06-17",82,20,21
3445,"2024-08-12",84,28,15
219,"2024-06-17",73,23,25
627,"2024-06-17",57,14,22
1509,"2024-05-20",48,23,19
3168,"2024-08-12",76,22,21
2342,"2024-06-17",60,23,26
3411,"2024-08-12",73,26,16
881,"2024-05-20",71,32,28
390,"2024-06-17",82,23,22
2405,"2024-06-17",102,30,30
1963,"2024-06-17",87,18,26
331,"2024-06-17",98,27,28
2606,"2024-06-17",74,31,21
3255,"2024-08-12",77,28,24
1419,"2024-04-29",120,31,31
1285,"2024-06-17",63,20,22
388,"2024-06-17",57,20,20
2244,"2024-06-17",95,26,21
1329,"2024-06-17",56,16,20
1197,"2024-06-17",97,31,24
1401,"2024-04-29",142,35,32
3080,"2024-08-12",104,35,21
2821,"2024-08-12",77,22,23
2569,"2024-05-20",136,30,29
340,"2024-06-17",86,20,24
1539,"2024-05-20",58,26,21
1084,"2024-06-17",91,36,23
1603,"2024-05-20",87,26,23
3122,"2024-08-12",81,18,20
2223,"2024-06-17",107,30,22
3215,"2024-08-12",113,33,29
3068,"2024-08-12",99,35,27
323,"2024-04-29",68,20,19
1811,"2024-04-29",96,25,25
1408,"2024-05-20",83,27,28
2085,"2024-06-17",111,28,27
2104,"2024-05-20",74,31,25
778,"2024-05-20",85,22,22
2287,"2024-06-17",97,24,28
873,"2024-05-20",61,31,27
2279,"2024-06-17",123,25,26
2127,"2024-06-17",92,25,27
1706,"2024-04-29",90,18,21
316,"2024-04-29",122,34,31
367,"2024-06-17",79,23,24
9,"2024-06-17",94,23,25
2082,"2024-05-20",71,30,29
2466,"2024-06-17",91,23,27
3387,"2024-08-12",92,28,27
19,"2024-06-17",64,21,20
370,"2024-06-17",152,22,24
405,"2024-06-17",60,23,23
1601,"2024-05-20",142,30,30
2816,"2024-08-12",57,13,22
57,"2024-04-29",39,20,18
1776,"2024-06-17",65,29,20
2501,"2024-06-17",97,27,23
951,"2024-06-17",80,25,33
683,"2024-05-20",85,28,28
856,"2024-05-20",110,33,29
2182,"2024-06-17",93,25,23
1242,"2024-05-20",52,15,11
407,"2024-06-17",57,23,21
1804,"2024-04-29",73,25,23
2078,"2024-04-29",77,27,24
1278,"2024-06-17",72,16,22
3443,"2024-08-12",139,25,31
2291,"2024-06-17",113,28,31
2571,"2024-05-20",134,23,31
3469,"2024-08-12",93,25,23
746,"2024-04-29",75,22,19
1673,"2024-05-20",56,22,25
788,"2024-04-29",74,20,23
1557,"2024-05-20",81,24,24
2442,"2024-06-17",116,30,25
60,"2024-04-29",55,23,26
1616,"2024-06-17",74,18,19
697,"2024-05-20",72,30,25
1602,"2024-05-20",113,29,30
3198,"2024-08-12",98,31,26
1696,"2024-04-29",93,17,17
1859,"2024-05-20",113,28,30
554,"2024-04-29",137,36,34
1874,"2024-06-17",47,13,17
2820,"2024-08-12",83,19,25
2532,"2024-06-17",88,32,25
2071,"2024-04-29",78,27,24
2827,"2024-08-12",39,20,20
676,"2024-05-20",86,28,25
1831,"2024-06-17",79,26,18
979,"2024-05-20",94,21,22
1406,"2024-05-20",79,27,28
718,"2024-05-20",74,30,23
1201,"2024-04-29",81,23,18
55,"2024-04-29",51,23,24
791,"2024-04-29",90,23,25
155,"2024-06-17",82,21,26
2390,"2024-06-17",104,35,30
3412,"2024-08-12",128,32,32
3466,"2024-08-12",100,29,25
319,"2024-04-29",53,22,18
1767,"2024-06-17",110,29,28
165,"2024-06-17",81,21,26
1887,"2024-06-17",119,34,28
41,"2024-06-17",96,28,29
974,"2024-05-20",108,26,27
63,"2024-04-29",52,23,20
1838,"2024-05-20",133,32,29
877,"2024-05-20",68,31,26
3175,"2024-08-12",92,30,25
2090,"2024-05-20",88,31,30
1203,"2024-04-29",133,29,25
1966,"2024-06-17",79,20,21
1321,"2024-06-17",63,20,22
366,"2024-06-17",77,24,23
2818,"2024-08-12",83,23,23
680,"2024-05-20",69,27,24
691,"2024-05-20",82,30,28
1612,"2024-06-17",102,29,28
38,"2024-06-17",71,24,22
1775,"2024-06-17",99,29,27
688,"2024-05-20",95,30,29
1843,"2024-05-20",148,34,31
542,"2024-04-29",67,22,21
795,"2024-04-29",73,19,20
742,"2024-04-29",40,14,20
3070,"2024-08-12",117,35,36
2834,"2024-08-12",89,22,22
2459,"2024-06-17",117,31,29
1611,"2024-06-17",131,31,27
350,"2024-06-17",82,19,21
159,"2024-06-17",82,20,26
158,"2024-06-17",83,21,26
1281,"2024-06-17",50,18,18
2237,"2024-06-17",65,27,24
3203,"2024-08-12",113,33,26
3071,"2024-08-12",91,33,35
1689,"2024-04-29",75,22,28
1055,"2024-04-29",72,25,23
2194,"2024-06-17",79,28,25
2447,"2024-06-17",121,26,29
1745,"2024-04-29",68,16,13
603,"2024-04-29",51,22,17
16,"2024-06-17",66,18,16
2095,"2024-05-20",108,34,31
40,"2024-06-17",43,10,16
1062,"2024-04-29",63,21,18
21,"2024-06-17",74,25,24
1968,"2024-06-17",92,27,29
1783,"2024-06-17",107,35,26
1217,"2024-06-17",80,25,29
693,"2024-05-20",76,28,27
797,"2024-04-29",71,20,20
3463,"2024-08-12",116,26,26
1215,"2024-06-17",99,25,28
3066,"2024-08-12",108,35,34
1677,"2024-05-20",47,17,19
1625,"2024-06-17",98,23,25
1535,"2024-05-20",78,22,30
2326,"2024-06-17",75,18,21
3088,"2024-08-12",97,35,35
1773,"2024-06-17",75,29,24
3218,"2024-08-12",120,30,27
3213,"2024-08-12",64,16,19
1546,"2024-05-20",83,25,33
1649,"2024-05-20",94,25,25
1756,"2024-06-17",66,26,19
799,"2024-04-29",70,20,19
615,"2024-06-17",44,18,18
2185,"2024-06-17",62,27,18
1629,"2024-06-17",115,30,31
753,"2024-04-29",49,16,22
2108,"2024-05-20",78,24,23
970,"2024-05-20",101,25,27
1744,"2024-04-29",92,18,25
318,"2024-04-29",75,20,21
2531,"2024-06-17",93,32,25
3425,"2024-08-12",131,31,31
1871,"2024-06-17",87,22,28
946,"2024-04-29",143,31,29
341,"2024-06-17",84,20,23
964,"2024-05-20",79,21,21
2462,"2024-06-17",89,31,25
2277,"2024-06-17",132,28,34
3450,"2024-08-12",68,19,24
2130,"2024-04-29",70,19,18
346,"2024-06-17",83,21,22
1702,"2024-04-29",97,28,34
3221,"2024-08-12",59,19,20
1284,"2024-06-17",63,20,23
437,"2024-04-29",75,23,19
1765,"2024-06-17",68,30,22
1326,"2024-06-17",56,17,19
694,"2024-05-20",109,30,28
527,"2024-05-20",101,31,36
1325,"2024-06-17",49,16,19
1772,"2024-06-17",75,27,22
1400,"2024-04-29",102,28,30
616,"2024-06-17",62,20,21
1127,"2024-06-17",102,22,28
2235,"2024-06-17",79,27,16
2331,"2024-06-17",66,15,28
3459,"2024-08-12",113,25,26
686,"2024-05-20",97,29,26
605,"2024-04-29",63,24,18
848,"2024-05-20",112,32,31
2828,"2024-08-12",115,27,28
2211,"2024-06-17",80,25,23
342,"2024-06-17",83,21,22
3419,"2024-08-12",76,22,22
1698,"2024-04-29",87,25,32
1244,"2024-06-17",67,18,22
2386,"2024-06-17",96,32,33
2508,"2024-06-17",102,23,21
1671,"2024-05-20",51,18,19
844,"2024-05-20",109,31,25
2131,"2024-04-29",42,13,14
732,"2024-04-29",79,22,21
2147,"2024-06-17",116,26,30
1664,"2024-05-20",76,20,31
1771,"2024-06-17",75,28,23
3379,"2024-08-12",71,20,22
3323,"2024-08-12",120,22,23
1570,"2024-06-17",117,31,29
853,"2024-05-20",110,31,31
334,"2024-06-17",93,20,24
2105,"2024-05-20",71,25,18
330,"2024-06-17",76,19,23
2441,"2024-06-17",123,30,23
1588,"2024-05-20",141,30,30
1173,"2024-05-20",73,22,18
551,"2024-04-29",128,34,34
3430,"2024-08-12",88,24,26
3200,"2024-08-12",116,35,26
1692,"2024-04-29",90,25,33
3464,"2024-08-12",136,24,29
2329,"2024-06-17",72,15,25
2453,"2024-06-17",95,32,27
3416,"2024-08-12",69,14,18
687,"2024-05-20",74,27,28
757,"2024-04-29",67,17,20
973,"2024-05-20",89,24,23
1323,"2024-06-17",64,18,21
1777,"2024-04-29",78,24,28
403,"2024-06-17",80,24,21
2216,"2024-06-17",83,31,22
2813,"2024-08-12",87,25,21
760,"2024-04-29",87,23,24
1661,"2024-05-20",78,29,26
1214,"2024-06-17",78,19,22
369,"2024-06-17",56,21,23
1494,"2024-06-17",90,28,27
1211,"2024-06-17",93,22,25
1493,"2024-06-17",104,29,26
2087,"2024-06-17",40,14,15
2209,"2024-06-17",84,29,21
1491,"2024-06-17",62,21,22
1196,"2024-06-17",58,17,19
160,"2024-06-17",85,20,26
1328,"2024-06-17",78,20,21
3470,"2024-08-12",110,26,26
1766,"2024-06-17",77,30,28
2274,"2024-06-17",53,23,22
1416,"2024-05-20",62,25,28
882,"2024-05-20",63,30,24
430,"2024-04-29",99,29,35
2233,"2024-06-17",58,26,21
2069,"2024-04-29",64,23,22
246,"2024-04-29",66,19,21
846,"2024-05-20",109,34,26
2809,"2024-08-12",68,23,22
429,"2024-04-29",96,32,32
602,"2024-04-29",58,22,18
347,"2024-06-17",68,17,17
1421,"2024-04-29",131,33,25
3302,"2024-08-12",90,22,20
3493,"2024-08-12",85,22,23
1052,"2024-04-29",80,25,29
1763,"2024-06-17",39,23,21
3488,"2024-08-12",108,25,24
871,"2024-05-20",65,31,28
62,"2024-04-29",59,25,24
1624,"2024-06-17",102,27,29
1280,"2024-06-17",70,20,23
1627,"2024-06-17",119,30,31
3442,"2024-08-12",110,28,25
852,"2024-05-20",108,28,27
536,"2024-04-29",74,21,22
2450,"2024-06-17",102,31,26
792,"2024-04-29",78,22,23
1427,"2024-04-29",122,28,30
3065,"2024-08-12",104,33,29
1216,"2024-06-17",85,23,25
1106,"2024-06-17",120,32,33
2187,"2024-06-17",80,27,27
339,"2024-06-17",80,23,25
2179,"2024-06-17",92,22,23
904,"2024-04-29",61,22,19
1705,"2024-04-29",86,19,22
969,"2024-05-20",114,26,27
2129,"2024-04-29",38,10,12
1134,"2024-04-29",43,26,16
685,"2024-05-20",70,29,27
1279,"2024-06-17",55,19,18
2080,"2024-04-29",63,20,20
906,"2024-04-29",57,20,19
2533,"2024-06-17",92,32,25
3079,"2024-08-12",116,36,36
2208,"2024-06-17",81,26,18
2808,"2024-08-12",87,21,28
2458,"2024-06-17",108,32,28
1077,"2024-06-17",92,34,21
1126,"2024-06-17",75,17,23
3217,"2024-08-12",99,30,24
253,"2024-04-29",66,23,19
322,"2024-04-29",65,21,18
879,"2024-05-20",62,28,24
3381,"2024-08-12",110,33,30
3429,"2024-08-12",90,25,26
3008,"2024-08-12",144,32,30
1615,"2024-06-17",86,25,23
1753,"2024-06-17",89,31,25
790,"2024-04-29",74,20,21
2504,"2024-06-17",82,24,20
1747,"2024-04-29",71,16,19
737,"2024-04-29",44,15,16
2822,"2024-08-12",121,28,29
3438,"2024-08-12",100,29,28
756,"2024-04-29",70,23,23
1704,"2024-04-29",94,26,34
501,"2024-05-20",82,28,22
1701,"2024-04-29",88,26,28
3462,"2024-08-12",107,32,28
2971,"2024-08-12",114,34,30
1918,"2024-06-17",62,17,25
1288,"2024-06-17",49,18,17
3520,"2024-08-12",79,22,17
156,"2024-06-17",82,21,26
1261,"2024-06-17",70,19,22
345,"2024-06-17",78,19,21
1061,"2024-04-29",85,22,19
2328,"2024-06-17",74,17,24
431,"2024-04-29",106,32,26
2286,"2024-06-17",94,20,27
320,"2024-04-29",80,23,23
1703,"2024-04-29",72,21,25
2281,"2024-06-17",93,22,28
1758,"2024-06-17",92,24,25
1760,"2024-06-17",61,29,23
2534,"2024-06-17",92,32,27
945,"2024-04-29",141,31,30
2588,"2024-04-29",89,24,23
2186,"2024-06-17",44,15,18
1423,"2024-04-29",116,25,26
2615,"2024-06-17",65,14,20
2238,"2024-06-17",49,25,25
321,"2024-04-29",69,21,21
1413,"2024-05-20",59,28,28
1079,"2024-06-17",74,32,24
2505,"2024-06-17",84,25,19
2461,"2024-06-17",69,30,20
2231,"2024-06-17",61,23,24
2278,"2024-06-17",113,24,29
1610,"2024-06-17",116,27,28
1410,"2024-05-20",62,28,28
2327,"2024-06-17",89,20,25
679,"2024-05-20",70,26,23
682,"2024-05-20",62,27,28
1195,"2024-06-17",70,21,18
745,"2024-04-29",75,22,20
1292,"2024-06-17",46,15,15
3490,"2024-08-12",53,22,16
2832,"2024-08-12",98,20,21
555,"2024-04-29",71,15,22
3408,"2024-08-12",110,31,24
2332,"2024-06-17",63,24,21
422,"2024-06-17",62,21,23
1241,"2024-06-17",87,28,27
2180,"2024-06-17",76,23,24
1813,"2024-04-29",90,25,25
545,"2024-04-29",100,28,28
3332,"2024-08-12",81,21,18
1674,"2024-05-20",79,20,30
608,"2024-04-29",64,25,20
1291,"2024-06-17",67,22,23
2207,"2024-06-17",89,28,25
1803,"2024-04-29",88,30,27
1618,"2024-06-17",81,22,19
1492,"2024-06-17",61,19,21
1327,"2024-06-17",39,16,15
3434,"2024-08-12",98,29,31
2530,"2024-06-17",63,30,23
3074,"2024-08-12",90,35,35
2189,"2024-06-17",67,26,23
740,"2024-04-29",68,22,22
599,"2024-04-29",62,23,21
329,"2024-04-29",69,21,19
2968,"2024-08-12",105,28,24
1411,"2024-05-20",54,22,29
1258,"2024-06-17",84,24,26
1164,"2024-06-17",102,33,28
2219,"2024-06-17",143,29,30
59,"2024-04-29",47,13,18
1287,"2024-06-17",46,20,19
1190,"2024-04-29",51,22,17
1827,"2024-06-17",78,21,22
3476,"2024-08-12",102,25,23
2509,"2024-06-17",87,22,22
678,"2024-05-20",64,26,23
1969,"2024-06-17",67,20,19
3483,"2024-08-12",71,21,22
880,"2024-05-20",64,33,26
1124,"2024-06-17",92,21,25
1919,"2024-06-17",71,21,25
2510,"2024-06-17",88,21,21
2444,"2024-06-17",105,32,24
2294,"2024-06-17",86,22,28
3460,"2024-08-12",103,26,29
2812,"2024-08-12",61,21,20
2098,"2024-05-20",63,21,16
2197,"2024-06-17",111,29,33
552,"2024-04-29",124,36,34
3087,"2024-08-12",74,30,30
3386,"2024-08-12",134,31,33
64,"2024-04-29",44,21,17
2614,"2024-06-17",93,25,25
2323,"2024-06-17",80,21,27
1277,"2024-06-17",74,21,23
3073,"2024-08-12",121,34,35
1286,"2024-06-17",61,19,22
1056,"2024-04-29",56,22,18
1040,"2024-06-17",100,21,27
2192,"2024-06-17",89,29,21
2336,"2024-06-17",38,15,13
1212,"2024-06-17",86,21,28
1714,"2024-04-29",70,23,25
1839,"2024-05-20",130,32,31
872,"2024-05-20",64,31,24
692,"2024-05-20",80,28,26
245,"2024-04-29",56,19,18
965,"2024-05-20",104,24,27
876,"2024-05-20",66,29,24
1207,"2024-04-29",53,18,15
2284,"2024-06-17",122,26,30
1414,"2024-05-20",62,27,28
1054,"2024-04-29",81,24,22
3205,"2024-08-12",74,29,26
1322,"2024-06-17",62,20,20
3456,"2024-08-12",107,22,25
56,"2024-04-29",55,23,26
24,"2024-06-17",47,18,19
1621,"2024-06-17",129,28,29
368,"2024-06-17",58,18,20
65,"2024-04-29",39,16,16
1534,"2024-05-20",60,16,22
414,"2024-06-17",72,24,26
22,"2024-06-17",59,21,20
1964,"2024-06-17",80,23,26
2314,"2024-06-17",121,34,34
850,"2024-05-20",109,33,22
977,"2024-05-20",110,25,26
549,"2024-04-29",124,33,34
1761,"2024-06-17",106,28,27
3126,"2024-08-12",101,35,28
690,"2024-05-20",94,30,29
972,"2024-05-20",100,24,24
2191,"2024-06-17",81,28,19
734,"2024-04-29",71,21,22
604,"2024-04-29",49,21,17
2234,"2024-06-17",58,23,19
1668,"2024-05-20",43,18,17
1667,"2024-05-20",43,17,17
1,"2024-06-17",61,21,21
1784,"2024-06-17",74,22,19
2335,"2024-06-17",47,21,22
2196,"2024-06-17",86,26,25
2195,"2024-06-17",111,29,32
327,"2024-04-29",68,21,19
3295,"2024-08-12",88,29,25
1713,"2024-04-29",61,23,26
2503,"2024-06-17",81,19,18
1529,"2024-05-20",40,16,15
1672,"2024-05-20",70,21,28
2448,"2024-06-17",121,32,29
845,"2024-05-20",109,26,22
696,"2024-05-20",58,26,21
1869,"2024-06-17",71,20,23
736,"2024-04-29",51,18,21
252,"2024-04-29",63,22,19
1407,"2024-05-20",71,26,29
3283,"2024-08-12",145,27,31
420,"2024-06-17",111,33,30
2184,"2024-06-17",62,18,18
1198,"2024-06-17",89,31,24
3085,"2024-08-12",95,34,30
157,"2024-06-17",82,20,25
3413,"2024-08-12",53,21,18
3083,"2024-08-12",93,35,35
419,"2024-06-17",114,32,32
3485,"2024-08-12",89,25,22
2190,"2024-06-17",70,24,24
1294,"2024-06-17",54,13,19
2193,"2024-06-17",39,11,15
2500,"2024-06-17",79,19,21
750,"2024-04-29",67,22,22
1988,"2024-04-29",81,13,16
3479,"2024-08-12",65,22,19
1188,"2024-06-17",67,20,24
3372,"2024-08-12",91,30,28
1177,"2024-05-20",77,19,19
415,"2024-06-17",96,33,31
416,"2024-06-17",98,34,31
3420,"2024-08-12",138,25,28
1675,"2024-05-20",59,18,24
1690,"2024-04-29",95,28,32
1608,"2024-05-20",107,30,27
2086,"2024-06-17",94,24,22
1174,"2024-05-20",61,19,18
1078,"2024-06-17",64,27,18
1830,"2024-06-17",84,29,26
3377,"2024-08-12",59,18,22
3324,"2024-08-12",73,16,22
1544,"2024-05-20",62,21,21
2243,"2024-06-17",46,20,27
3277,"2024-08-12",90,28,22
1870,"2024-06-17",64,16,21
635,"2024-06-17",46,16,18
1075,"2024-05-20",147,31,31
58,"2024-04-29",40,20,17
2288,"2024-06-17",86,23,25
1846,"2024-05-20",126,32,31
1566,"2024-06-17",63,16,20
2826,"2024-08-12",98,23,24
1872,"2024-06-17",83,26,26
171,"2024-06-17",80,21,26
170,"2024-06-17",80,21,26
3181,"2024-08-12",101,27,24
1762,"2024-06-17",121,32,29
2460,"2024-06-17",81,32,25
2133,"2024-04-29",67,20,17
2222,"2024-06-17",71,28,18
1490,"2024-06-17",78,17,19
675,"2024-05-20",62,22,24
674,"2024-05-20",62,22,24
1632,"2024-04-29",84,20,19
2099,"2024-05-20",58,21,16
2276,"2024-06-17",61,24,22
975,"2024-05-20",80,17,18
23,"2024-06-17",41,16,15
744,"2024-04-29",69,21,21
1622,"2024-06-17",97,23,26
968,"2024-05-20",84,19,24
3321,"2024-08-12",148,25,35
3326,"2024-08-12",142,29,31
3489,"2024-08-12",92,30,28
2246,"2024-06-17",40,11,15
337,"2024-06-17",64,14,21
508,"2024-05-20",85,20,19
1541,"2024-05-20",75,22,22
1695,"2024-04-29",83,17,17
1540,"2024-05-20",59,18,22
601,"2024-04-29",55,22,20
506,"2024-05-20",95,29,34
976,"2024-05-20",99,23,25
1082,"2024-06-17",85,29,26
417,"2024-06-17",119,34,33
2245,"2024-06-17",71,24,22
2570,"2024-05-20",51,16,18
432,"2024-04-29",88,31,29
535,"2024-04-29",73,20,22
2507,"2024-06-17",81,18,22
3397,"2024-08-12",129,29,33
169,"2024-06-17",74,22,25
789,"2024-04-29",76,20,23
2275,"2024-06-17",54,21,20
2527,"2024-06-17",48,15,22
1619,"2024-06-17",81,19,20
2315,"2024-06-17",101,33,33
1585,"2024-05-20",80,22,24
1626,"2024-06-17",102,26,25
435,"2024-04-29",117,30,31
636,"2024-06-17",69,20,23
1663,"2024-05-20",71,23,29
695,"2024-05-20",66,27,25
3444,"2024-08-12",86,34,17
1676,"2024-05-20",67,20,27
3212,"2024-08-12",112,33,27
1743,"2024-04-29",92,19,26
2833,"2024-08-12",57,20,20
738,"2024-04-29",44,19,22
1917,"2024-06-17",87,24,25
2005,"2024-05-20",62,25,21
1774,"2024-06-17",83,29,22
39,"2024-06-17",60,22,20
1623,"2024-06-17",113,25,31
1488,"2024-06-17",62,17,19
436,"2024-04-29",84,22,24
1768,"2024-06-17",52,24,23
1932,"2024-04-29",77,21,24
1392,"2024-06-17",77,22,19
2083,"2024-05-20",61,25,29
1194,"2024-06-17",87,21,29
3307,"2024-08-12",98,22,25
1420,"2024-04-29",112,28,31
1930,"2024-04-29",75,18,16
2204,"2024-06-17",99,27,25
3077,"2024-08-12",116,36,36
1845,"2024-05-20",106,30,29
1489,"2024-06-17",79,29,23
1759,"2024-06-17",42,24,21
2446,"2024-06-17",74,31,26
1275,"2024-06-17",100,24,27
1202,"2024-04-29",100,28,28
1556,"2024-05-20",48,20,21
2388,"2024-06-17",94,31,33
1426,"2024-04-29",69,24,19
1296,"2024-06-17",50,18,18
1123,"2024-06-17",73,14,22
1186,"2024-05-20",77,24,18
1239,"2024-06-17",68,20,22
1693,"2024-04-29",94,18,19
1757,"2024-06-17",59,27,21
3448,"2024-08-12",76,25,13
1688,"2024-04-29",86,19,26
752,"2024-04-29",72,22,20
3084,"2024-08-12",85,30,33
598,"2024-04-29",67,22,17
3009,"2024-08-12",101,30,27
743,"2024-04-29",75,24,18
3328,"2024-08-12",91,19,20
1715,"2024-04-29",74,24,26
1634,"2024-04-29",68,19,18
550,"2024-04-29",83,26,21
2202,"2024-06-17",75,19,21
1700,"2024-04-29",75,23,23
49,"2024-04-29",49,21,18
2502,"2024-06-17",49,15,19
1605,"2024-05-20",97,29,25
1129,"2024-06-17",101,23,27
3432,"2024-08-12",109,29,26
2829,"2024-08-12",120,25,29
2203,"2024-06-17",121,33,34
51,"2024-04-29",37,16,17
2221,"2024-06-17",73,22,20
2226,"2024-06-17",71,24,19
3426,"2024-08-12",137,32,30
1571,"2024-06-17",120,33,28
749,"2024-04-29",64,20,21
1769,"2024-06-17",40,22,19
1770,"2024-06-17",36,22,17
1403,"2024-06-17",62,17,17
1243,"2024-06-17",69,18,22
1059,"2024-04-29",86,23,21
733,"2024-04-29",56,18,20
2293,"2024-06-17",90,22,27
2817,"2024-08-12",79,22,21
2236,"2024-06-17",54,23,26
1755,"2024-06-17",37,17,16
3195,"2024-08-12",72,32,21
971,"2024-05-20",80,21,23
1754,"2024-06-17",64,25,20
1293,"2024-06-17",52,20,21
1785,"2024-06-17",69,23,17
1927,"2024-04-29",84,22,23
2830,"2024-08-12",60,23,21
1707,"2024-04-29",75,18,14
251,"2024-04-29",60,21,19
2077,"2024-04-29",73,24,24
1694,"2024-04-29",90,21,18
2224,"2024-06-17",84,27,21
3457,"2024-08-12",112,23,30
3523,"2024-08-12",83,24,18
2445,"2024-06-17",134,32,27
1965,"2024-06-17",83,25,27
3392,"2024-08-12",131,25,30
537,"2024-04-29",60,16,19
2616,"2024-06-17",59,16,22
2,"2024-06-17",52,20,23
1635,"2024-04-29",81,22,27
3399,"2024-08-12",99,22,31
2292,"2024-06-17",64,17,24
2537,"2024-06-17",85,31,25
1199,"2024-06-17",67,20,21
1208,"2024-04-29",67,22,21
2084,"2024-06-17",98,20,29
2810,"2024-08-12",105,20,26
161,"2024-06-17",85,20,26
794,"2024-04-29",77,22,21
61,"2024-04-29",41,20,18
1210,"2024-06-17",75,22,22
2206,"2024-06-17",79,24,23
2528,"2024-06-17",76,28,25
3178,"2024-08-12",87,31,24
967,"2024-05-20",103,25,27
54,"2024-04-29",64,21,25
249,"2024-04-29",67,20,21
1711,"2024-04-29",70,25,24
1218,"2024-06-17",96,29,29
747,"2024-04-29",53,18,21
2205,"2024-06-17",109,22,22
1283,"2024-06-17",42,15,19
798,"2024-04-29",75,21,24
1795,"2024-05-20",89,28,28
633,"2024-06-17",50,19,21
1418,"2024-04-29",117,29,30
793,"2024-04-29",73,21,20
2073,"2024-04-29",70,22,20
1606,"2024-05-20",112,30,29
1607,"2024-05-20",80,22,18
344,"2024-06-17",71,15,21
735,"2024-04-29",70,19,22
1633,"2024-04-29",77,21,17
2811,"2024-08-12",50,19,20
905,"2024-04-29",77,25,22
2587,"2024-04-29",45,17,17
1746,"2024-04-29",80,18,18
2225,"2024-06-17",81,23,25
1934,"2024-04-29",79,21,23
1289,"2024-06-17",70,24,24
684,"2024-05-20",74,26,29
3011,"2024-08-12",98,22,21
3006,"2024-08-12",101,22,23
1175,"2024-05-20",51,16,15
1060,"2024-04-29",54,18,18
2585,"2024-04-29",81,24,22
907,"2024-04-29",37,19,15
1425,"2024-04-29",77,26,18
3451,"2024-08-12",85,23,22
2831,"2024-08-12",81,18,21
544,"2024-04-29",54,17,20
3251,"2024-08-12",72,21,18
2814,"2024-08-12",74,22,22
3390,"2024-08-12",52,15,18
1081,"2024-06-17",104,35,25
1787,"2024-06-17",110,33,33
2230,"2024-06-17",46,16,19
2232,"2024-06-17",58,20,20
2455,"2024-06-17",106,28,28
944,"2024-04-29",138,30,29
677,"2024-05-20",88,28,26
689,"2024-05-20",72,27,24
2823,"2024-08-12",81,23,23
1276,"2024-06-17",84,20,23
1617,"2024-06-17",126,23,27
1412,"2024-05-20",55,25,28
2280,"2024-06-17",92,23,31
3404,"2024-08-12",137,25,31
1666,"2024-05-20",51,19,21
2325,"2024-06-17",66,15,26
3465,"2024-08-12",94,31,27
1650,"2024-05-20",80,29,24
2535,"2024-06-17",86,33,27
3211,"2024-08-12",75,32,24
2295,"2024-06-17",90,21,27
3455,"2024-08-12",51,10,19
35,"2024-06-17",42,17,18
3063,"2024-08-12",116,34,35
1778,"2024-04-29",86,24,22
1393,"2024-06-17",70,17,19
857,"2024-05-20",61,13,24
1716,"2024-04-29",81,28,31
1873,"2024-06-17",68,21,19
1636,"2024-04-29",83,19,13
3396,"2024-08-12",78,21,21
883,"2024-05-20",61,30,22
2825,"2024-08-12",56,21,19
2181,"2024-06-17",99,26,24
1989,"2024-04-29",66,26,17
1613,"2024-06-17",86,23,23
3496,"2024-08-12",105,27,24
1187,"2024-05-20",77,19,19
943,"2024-04-29",139,31,28
2970,"2024-08-12",82,22,24
332,"2024-06-17",87,19,23
942,"2024-04-29",142,31,31
1125,"2024-06-17",76,18,23
50,"2024-04-29",37,14,18
2123,"2024-05-20",60,25,18
2815,"2024-08-12",68,23,20
3276,"2024-08-12",91,14,26
854,"2024-05-20",105,31,29
324,"2024-04-29",67,20,19
849,"2024-05-20",107,33,31
1764,"2024-06-17",46,25,21
913,"2024-04-29",50,19,20
2454,"2024-06-17",86,28,25
2962,"2024-08-12",101,25,29
365,"2024-06-17",51,22,23
2132,"2024-04-29",46,15,17
2183,"2024-06-17",53,18,21
1651,"2024-05-20",79,28,25
254,"2024-04-29",55,17,19
539,"2024-04-29",65,22,21
3474,"2024-08-12",106,25,24
1213,"2024-06-17",80,20,24
1295,"2024-06-17",60,19,23
912,"2024-04-29",35,15,13
3522,"2024-08-12",66,22,15
1133,"2024-04-29",33,25,16
2290,"2024-06-17",39,13,15
3410,"2024-08-12",53,20,17
941,"2024-04-29",143,30,30
600,"2024-04-29",58,23,19
802,"2024-04-29",68,22,18
3494,"2024-08-12",89,22,22
411,"2024-04-29",32,18,8
1779,"2024-04-29",85,24,26
2128,"2024-06-17",74,21,22
842,"2024-05-20",117,34,31
3007,"2024-08-12",80,30,29
1379,"2024-05-20",78,21,22
3403,"2024-08-12",85,24,23
1712,"2024-04-29",82,26,26
1699,"2024-04-29",95,25,32
914,"2024-04-29",35,16,14
1422,"2024-04-29",116,28,31
1847,"2024-05-20",77,21,28
3471,"2024-08-12",99,23,28
250,"2024-04-29",60,21,20
1260,"2024-06-17",76,19,22
1812,"2024-04-29",77,23,25
1080,"2024-06-17",72,31,24
1409,"2024-05-20",58,25,29
348,"2024-06-17",71,15,20
3422,"2024-08-12",72,20,22
606,"2024-04-29",53,22,17
3521,"2024-08-12",102,28,19
1614,"2024-06-17",82,25,23
2088,"2024-06-17",59,18,17
1652,"2024-05-20",57,25,17
754,"2024-04-29",63,18,19
1547,"2024-05-20",80,21,30
509,"2024-05-20",81,21,20
1324,"2024-06-17",58,18,21
1191,"2024-04-29",58,23,20
255,"2024-04-29",64,19,20
938,"2024-04-29",140,32,30
875,"2024-05-20",62,29,22
412,"2024-04-29",47,17,21
1165,"2024-06-17",65,19,19
1402,"2024-04-29",119,31,32
42,"2024-06-17",65,23,20
2240,"2024-06-17",74,27,25
2819,"2024-08-12",74,16,23
681,"2024-05-20",90,29,29
909,"2024-04-29",41,14,18
796,"2024-04-29",70,20,21
1128,"2024-06-17",75,21,24
2536,"2024-06-17",78,26,25
758,"2024-04-29",66,21,20
3484,"2024-08-12",69,23,20
3491,"2024-08-12",79,21,23
1669,"2024-05-20",52,19,23
3186,"2024-08-12",46,27,20
336,"2024-06-17",67,16,18
874,"2024-05-20",71,28,24
2529,"2024-06-17",73,30,23
328,"2024-04-29",67,21,19
878,"2024-05-20",66,31,26
1709,"2024-04-29",73,18,19
617,"2024-06-17",42,16,20
1665,"2024-05-20",55,17,24
37,"2024-06-17",36,13,14
1938,"2024-06-17",96,24,27
1076,"2024-05-20",139,33,35
2220,"2024-06-17",65,21,20
333,"2024-06-17",67,14,20
164,"2024-06-17",80,21,22
52,"2024-04-29",42,19,20
1262,"2024-06-17",67,19,23
748,"2024-04-29",48,17,20
1053,"2024-04-29",59,14,17
614,"2024-06-17",47,17,19
3089,"2024-08-12",95,33,33
2452,"2024-06-17",68,26,22
1166,"2024-06-17",67,20,16
533,"2024-05-20",94,25,35
3487,"2024-08-12",107,25,24
2289,"2024-06-17",36,14,15
1925,"2024-06-17",57,18,17
739,"2024-04-29",43,14,24
2330,"2024-06-17",74,18,29
1604,"2024-05-20",81,20,22
1708,"2024-04-29",78,18,20
759,"2024-04-29",35,12,19
3382,"2024-08-12",59,19,16
243,"2024-04-29",63,21,20
1231,"2024-06-17",62,16,23
1398,"2024-06-17",79,24,20
531,"2024-05-20",71,19,17
1200,"2024-04-29",87,28,30
937,"2024-04-29",137,32,30
338,"2024-06-17",64,15,19
2200,"2024-06-17",82,30,25
1710,"2024-04-29",57,18,23
2389,"2024-06-17",96,31,31
741,"2024-04-29",66,20,21
1829,"2024-06-17",37,11,13
1828,"2024-06-17",37,15,12
1232,"2024-06-17",63,19,21
966,"2024-05-20",82,19,22
163,"2024-04-29",36,18,14
908,"2024-04-29",41,16,16
987,"2024-06-17",70,24,23
335,"2024-06-17",80,18,21
2103,"2024-05-20",75,25,22
2214,"2024-06-17",65,19,18
343,"2024-06-17",84,15,20
1399,"2024-04-29",92,25,27
162,"2024-04-29",41,15,18
1691,"2024-04-29",60,18,24
166,"2024-06-17",87,22,26
410,"2024-04-29",50,18,22
2100,"2024-05-20",70,26,17
2451,"2024-06-17",71,21,21
20,"2024-06-17",34,15,17
2201,"2024-06-17",93,27,27
2449,"2024-06-17",74,25,18
1939,"2024-06-17",107,27,27
2443,"2024-06-17",82,19,20
36,"2024-06-17",69,22,24
1936,"2024-04-29",84,19,24
2247,"2024-06-17",69,17,20
843,"2024-05-20",105,28,25
326,"2024-04-29",68,20,18
607,"2024-04-29",52,21,17
2109,"2024-05-20",89,34,30
2102,"2024-05-20",70,24,18
1656,"2024-05-20",69,25,18
325,"2024-04-29",42,11,15
1967,"2024-06-17",62,13,19
851,"2024-05-20",108,35,28
1670,"2024-05-20",51,21,24
364,"2024-06-17",56,22,22
2586,"2024-04-29",86,26,24
2854,"2024-08-12",119,28,28
2860,"2024-08-12",118,30,27
2847,"2024-08-12",115,27,30
2852,"2024-08-12",85,21,21
2135,"2024-04-29",45,12,17
2218,"2024-06-17",74,27,22
1417,"2024-06-17",59,20,20
634,"2024-06-17",69,19,22
2862,"2024-08-12",107,20,27
751,"2024-04-29",63,22,19
2875,"2024-08-12",110,27,28
2334,"2024-06-17",35,14,19
2333,"2024-06-17",48,17,18
2239,"2024-06-17",85,26,11
2387,"2024-06-17",106,33,30
154,"2024-06-17",74,20,25
2456,"2024-06-17",74,25,18
1074,"2024-05-20",146,33,31
886,"2024-06-17",85,31,33
1940,"2024-05-20",49,10,20
3189,"2024-08-12",70,27,21
2120,"2024-05-20",77,24,22
2285,"2024-06-17",81,23,25
3279,"2024-08-12",109,23,27
2097,"2024-05-20",61,21,18
3010,"2024-08-12",58,14,17
2604,"2024-06-17",136,35,34
3075,"2024-08-12",112,35,35
3492,"2024-08-12",80,25,21
2145,"2024-04-29",86,26,21
479,"2024-05-20",144,35,29
492,"2024-05-20",106,25,24
3435,"2024-08-12",74,19,20
2565,"2024-06-17",86,26,25
3140,"2024-08-12",108,35,29
2400,"2024-06-17",130,35,34
3475,"2024-08-12",146,36,27
2886,"2024-08-12",102,31,26
698,"2024-05-20",138,32,34
404,"2024-06-17",78,23,23
1157,"2024-06-17",70,24,27
418,"2024-06-17",63,26,24
